LOCATION_POSITION_ID,LOCATION_POSITION_LONGITUDE,LOCATION_POSITION_LATITUDE,LOCATION_POSITION_ALTITUDE
lopjepi8hcl,110.376798,-7.783214,24
lopjf82qo0d,110.376798,-7.783214,24
lopjf82z1s7,110.376798,-7.783214,24
lopjf92ijg9,110.376798,-7.783214,24
lopjf92la72,110.376798,-7.783214,24
lopjf9j2efw,110.376798,-7.783214,24
lopjfktm8ud,110.376798,-7.783214,24
lopjfkuax2w,110.376798,-7.783214,3E+1
lopjfs0d8mi,110.376798,-7.783214,24
